{"cameraMode":{"drawMode":0,"name":"Shaded","section":"Shading Mode"},"sceneLighting":false,"audioPlay":false,"sceneViewState":{"showFog":true,"showMaterialUpdate":true,"showSkybox":true,"showFlares":true,"showImageEffects":true,"showParticleSystems":true},"in2DMode":false,"pivot":{"x":-3.6449952125549318,"y":0.9111289978027344,"z":1.3448209762573243},"rotation":{"x":-0.02128419280052185,"y":-0.8865964412689209,"z":0.46023133397102358,"w":-0.04099768027663231},"size":38.737857818603519,"orthographic":false}