{"cameraMode":{"drawMode":0,"name":"Shaded","section":"Shading Mode"},"sceneLighting":false,"audioPlay":false,"sceneViewState":{"showFog":true,"showMaterialUpdate":true,"showSkybox":true,"showFlares":true,"showImageEffects":true,"showParticleSystems":true},"in2DMode":false,"pivot":{"x":3.3417229652404787,"y":0.5099868774414063,"z":3.047837734222412},"rotation":{"x":0.07838030904531479,"y":0.7042023539543152,"z":-0.0787104070186615,"w":0.701256275177002},"size":12.465773582458496,"orthographic":false}